{
"lengthUnit": "mil",
"remark": [],
"components": {
	"fields": ["COMPONENT_NO", "COMPONENT_NAME", "LAYER", "X_COORDINATE", "Y_COORDINATE", "ANGLE"],
	"rows": [
		[1, "BT1", "T", 635, 864.252, 90],
		[2, "BUZZER1", "T", 1900, 1045, 270],
		[3, "C1", "T", 1165, 820, 270],
		[4, "H1", "T", 1600, 1050, 270],
		[5, "Q1", "T", 1265, 640, 270],
		[6, "Q2", "T", 1475, 640, 270],
		[7, "R1", "T", 1265, 525, 180],
		[8, "R2", "T", 1475, 525, 180],
		[9, "R3", "T", 1600.45, 796.879, 0],
		[10, "R4", "T", 1600, 845, 0],
		[11, "SW1", "T", 1875, 625, 180],
		[12, "U1", "T", 1370, 870, 270],
		[13, "PAD1", "T", 635.004, 293.389, 0],
		[14, "PAD2", "T", 635.004, 1435.119, 0],
		[15, "PAD3", "T", 1758.27, 1186.725, 0],
		[16, "PAD4", "T", 1758.27, 903.275, 0],
		[17, "PAD5", "T", 1247.96, 525, 0],
		[18, "PAD6", "T", 1282.04, 525, 0],
		[19, "PAD7", "T", 1457.96, 525, 0],
		[20, "PAD8", "T", 1492.04, 525, 0],
		[21, "PAD9", "T", 1617.49, 796.879, 0],
		[22, "PAD10", "T", 1583.41, 796.879, 0],
		[23, "PAD11", "T", 1617.04, 845, 0],
		[24, "PAD12", "T", 1582.96, 845, 0],
		[25, "PAD13", "T", 1756.89, 551.181, 0],
		[26, "PAD14", "T", 1993.11, 698.819, 0],
		[27, "PAD15", "T", 1259.92, 895, 0],
		[28, "PAD16", "T", 1259.92, 795, 0],
		[29, "PAD17", "T", 1480.08, 795, 0],
		[30, "PAD18", "T", 1480.08, 845, 0],
		[31, "PAD19", "T", 1480.08, 945, 0],
		[32, "PAD20", "T", 1302.402, 600.6299, 0],
		[33, "PAD21", "T", 1227.598, 600.6299, 0],
		[34, "PAD22", "T", 1265.002, 679.3701, 0],
		[35, "PAD23", "T", 1437.6, 600.63, 0],
		[36, "PAD24", "T", 1512.4, 600.63, 0],
		[37, "PAD25", "T", 1475, 679.37, 0],
		[38, "PAD26", "T", 1165, 798.54, 0],
		[39, "PAD27", "T", 1165, 841.46, 0],
		[40, "PAD28", "T", 1600, 1150, 0],
		[41, "PAD29", "T", 1600, 1050, 0],
		[42, "PAD30", "T", 1600, 950, 0]
	]
},
"pins": {
	"fields": ["PIN_NO", "PIN_NAME", "PIN_X", "PIN_Y", "LAYER", "PIN_TYPE", "NET_NAME", "NET_TYPE", "PAD_SHAPE", "PAD_SIZEX", "PAD_SIZEY", "HOLE_SIZE", "HOLE_LEN", "PAD_ANGLE"],
	"rows": [
		[1, "BT1_1", 635.004, 293.389, "T", "SMD", "$1N658", "", "R", 118.11, 165.354, 0, 0, 90],
		[2, "BT1_2", 635.004, 1435.119, "T", "SMD", "GND", "GND", "R", 118.11, 165.354, 0, 0, 90],
		[3, "BUZZER1_1", 1758.27, 1186.725, "T", "SMD", "VCC", "", "R", 94.49, 94.49, 0, 0, 270],
		[4, "BUZZER1_2", 1758.27, 903.275, "T", "SMD", "$1N1266", "", "R", 94.49, 94.49, 0, 0, 270],
		[5, "BUZZER1_3", 2041.72, 903.285, "T", "SMD", "NET_1", "", "R", 94.49, 94.49, 0, 0, 270],
		[6, "BUZZER1_4", 2041.73, 1186.725, "T", "SMD", "NET_2", "", "R", 94.49, 94.49, 0, 0, 270],
		[7, "C1_1", 1165, 841.46, "T", "SMD", "GND", "GND", "R", 31.106, 21.26, 0, 0, 270],
		[8, "C1_2", 1165, 798.54, "T", "SMD", "VCC", "", "R", 31.106, 21.26, 0, 0, 270],
		[9, "H1_1", 1600, 1150, "T", "SMD", "VCC", "", "C", 66.929, 66.929, 0, 0, 270],
		[10, "H1_2", 1600, 1050, "T", "SMD", "GND", "GND", "C", 66.929, 66.929, 0, 0, 270],
		[11, "H1_3", 1600, 950, "T", "SMD", "SWIO", "", "C", 66.929, 66.929, 0, 0, 270],
		[12, "Q1_1", 1227.598, 600.6299, "T", "SMD", "$1N654", "", "R", 49.2126, 27.5591, 0, 0, 90],
		[13, "Q1_2", 1302.402, 600.6299, "T", "SMD", "$1N658", "", "R", 49.2126, 27.5591, 0, 0, 90],
		[14, "Q1_3", 1265.002, 679.3701, "T", "SMD", "VCC", "", "R", 49.2126, 27.5591, 0, 0, 90],
		[15, "Q2_1", 1437.6, 600.63, "T", "SMD", "$1N951", "", "R", 49.213, 27.559, 0, 0, 270],
		[16, "Q2_2", 1512.4, 600.63, "T", "SMD", "GND", "GND", "R", 49.213, 27.559, 0, 0, 270],
		[17, "Q2_3", 1475, 679.37, "T", "SMD", "$1N654", "", "R", 49.213, 27.559, 0, 0, 270],
		[18, "R1_1", 1282.04, 525, "T", "SMD", "$1N658", "", "R", 22.27, 21.26, 0, 0, 180],
		[19, "R1_2", 1247.96, 525, "T", "SMD", "$1N654", "", "R", 22.27, 21.26, 0, 0, 180],
		[20, "R2_1", 1492.04, 525, "T", "SMD", "GND", "GND", "R", 22.27, 21.26, 0, 0, 180],
		[21, "R2_2", 1457.96, 525, "T", "SMD", "$1N951", "", "R", 22.27, 21.26, 0, 0, 180],
		[22, "R3_1", 1583.41, 796.879, "T", "SMD", "PC1", "", "R", 22.27, 21.26, 0, 0, 0],
		[23, "R3_2", 1617.49, 796.879, "T", "SMD", "$1N951", "", "R", 22.27, 21.26, 0, 0, 0],
		[24, "R4_1", 1582.96, 845, "T", "SMD", "BUZZ", "", "R", 22.27, 21.26, 0, 0, 0],
		[25, "R4_2", 1617.04, 845, "T", "SMD", "$1N1266", "", "R", 22.27, 21.26, 0, 0, 0],
		[26, "SW1_1", 1993.11, 551.181, "T", "SMD", "NET_3", "", "R", 39.37, 29.528, 0, 0, 180],
		[27, "SW1_2", 1756.89, 551.181, "T", "SMD", "$1N654", "", "R", 39.37, 29.528, 0, 0, 180],
		[28, "SW1_3", 1993.11, 698.819, "T", "SMD", "GND", "GND", "R", 39.37, 29.528, 0, 0, 180],
		[29, "SW1_4", 1756.89, 698.819, "T", "SMD", "NET_4", "", "R", 39.37, 29.528, 0, 0, 180],
		[30, "U1_1", 1259.92, 945, "T", "SMD", "NET_5", "", "O", 25.591, 80, 0, 0, 270],
		[31, "U1_2", 1259.92, 895, "T", "SMD", "GND", "GND", "O", 25.591, 80, 0, 0, 270],
		[32, "U1_3", 1259.92, 845, "T", "SMD", "NET_6", "", "O", 25.591, 80, 0, 0, 270],
		[33, "U1_4", 1259.92, 795, "T", "SMD", "VCC", "", "O", 25.591, 80, 0, 0, 270],
		[34, "U1_5", 1480.08, 795, "T", "SMD", "PC1", "", "O", 25.591, 80, 0, 0, 270],
		[35, "U1_6", 1480.08, 845, "T", "SMD", "BUZZ", "", "O", 25.591, 80, 0, 0, 270],
		[36, "U1_7", 1480.08, 895, "T", "SMD", "NET_7", "", "O", 25.591, 80, 0, 0, 270],
		[37, "U1_8", 1480.08, 945, "T", "SMD", "SWIO", "", "O", 25.591, 80, 0, 0, 270],
		[38, "PAD1_1", 635.004, 293.389, "T", "SMD", "$1N658", "", "R", 118.11, 165.354, 0, 0, 90],
		[39, "PAD2_2", 635.004, 1435.119, "T", "SMD", "GND", "GND", "R", 118.11, 165.354, 0, 0, 90],
		[40, "PAD3_1", 1758.27, 1186.725, "T", "SMD", "VCC", "", "R", 94.49, 94.49, 0, 0, 270],
		[41, "PAD4_2", 1758.27, 903.275, "T", "SMD", "$1N1266", "", "R", 94.49, 94.49, 0, 0, 270],
		[42, "PAD5_2", 1247.96, 525, "T", "SMD", "$1N654", "", "R", 22.27, 21.26, 0, 0, 180],
		[43, "PAD6_1", 1282.04, 525, "T", "SMD", "$1N658", "", "R", 22.27, 21.26, 0, 0, 180],
		[44, "PAD7_2", 1457.96, 525, "T", "SMD", "$1N951", "", "R", 22.27, 21.26, 0, 0, 180],
		[45, "PAD8_1", 1492.04, 525, "T", "SMD", "GND", "GND", "R", 22.27, 21.26, 0, 0, 180],
		[46, "PAD9_2", 1617.49, 796.879, "T", "SMD", "$1N951", "", "R", 22.27, 21.26, 0, 0, 0],
		[47, "PAD10_1", 1583.41, 796.879, "T", "SMD", "PC1", "", "R", 22.27, 21.26, 0, 0, 0],
		[48, "PAD11_2", 1617.04, 845, "T", "SMD", "$1N1266", "", "R", 22.27, 21.26, 0, 0, 0],
		[49, "PAD12_1", 1582.96, 845, "T", "SMD", "BUZZ", "", "R", 22.27, 21.26, 0, 0, 0],
		[50, "PAD13_2", 1756.89, 551.181, "T", "SMD", "$1N654", "", "R", 39.37, 29.528, 0, 0, 180],
		[51, "PAD14_3", 1993.11, 698.819, "T", "SMD", "GND", "GND", "R", 39.37, 29.528, 0, 0, 180],
		[52, "PAD15_2", 1259.92, 895, "T", "SMD", "GND", "GND", "O", 25.591, 80, 0, 0, 270],
		[53, "PAD16_4", 1259.92, 795, "T", "SMD", "VCC", "", "O", 25.591, 80, 0, 0, 270],
		[54, "PAD17_5", 1480.08, 795, "T", "SMD", "PC1", "", "O", 25.591, 80, 0, 0, 270],
		[55, "PAD18_6", 1480.08, 845, "T", "SMD", "BUZZ", "", "O", 25.591, 80, 0, 0, 270],
		[56, "PAD19_8", 1480.08, 945, "T", "SMD", "SWIO", "", "O", 25.591, 80, 0, 0, 270],
		[57, "PAD20_2", 1302.402, 600.6299, "T", "SMD", "$1N658", "", "R", 49.2126, 27.5591, 0, 0, 90],
		[58, "PAD21_1", 1227.598, 600.6299, "T", "SMD", "$1N654", "", "R", 49.2126, 27.5591, 0, 0, 90],
		[59, "PAD22_3", 1265.002, 679.3701, "T", "SMD", "VCC", "", "R", 49.2126, 27.5591, 0, 0, 90],
		[60, "PAD23_1", 1437.6, 600.63, "T", "SMD", "$1N951", "", "R", 49.213, 27.559, 0, 0, 270],
		[61, "PAD24_2", 1512.4, 600.63, "T", "SMD", "GND", "GND", "R", 49.213, 27.559, 0, 0, 270],
		[62, "PAD25_3", 1475, 679.37, "T", "SMD", "$1N654", "", "R", 49.213, 27.559, 0, 0, 270],
		[63, "PAD26_2", 1165, 798.54, "T", "SMD", "VCC", "", "R", 31.106, 21.26, 0, 0, 270],
		[64, "PAD27_1", 1165, 841.46, "T", "SMD", "GND", "GND", "R", 31.106, 21.26, 0, 0, 270],
		[65, "PAD28_1", 1600, 1150, "T", "SMD", "VCC", "", "C", 66.929, 66.929, 0, 0, 270],
		[66, "PAD29_2", 1600, 1050, "T", "SMD", "GND", "GND", "C", 66.929, 66.929, 0, 0, 270],
		[67, "PAD30_3", 1600, 950, "T", "SMD", "SWIO", "", "C", 66.929, 66.929, 0, 0, 270]
	]
}
}